index,state,year,name,county,enroll,mmr,overall,xmed,xper,xrel,lat,lng
1,Vermont,2018-19,Addison Central,Addison,65,100,100,,,,44.087942,44.087942
2,Vermont,2018-19,Allen Street Campus,Rutland,20,100,100,,,,43.599384,-72.958855
3,Vermont,2018-19,Brighton Elementary,Essex,87,100,97.70114943,,,,44.8215785,-71.8938945
4,Vermont,2018-19,Brookhaven Learning Center,Orange,13,100,92.30769231,,,,43.9929766,-72.4474525
5,Vermont,2018-19,Burke Mountain Academy,Caledonia,68,100,100,,,,44.5929334,-71.9056962
6,Vermont,2018-19,Burke Town,Caledonia,193,100,100,,,,44.624605,44.624605
7,Vermont,2018-19,Canaan Schools,Essex,167,100,98.80239521,,,,44.99539,44.99539
8,Vermont,2018-19,Castleton Village,Rutland,98,100,91.83673469,,,,43.612408,-73.178207
9,Vermont,2018-19,Christ Covenant,Washington,84,100,98.80952381,,,,43.9247446,-72.6656948
10,Vermont,2018-19,Community Schoolhouse,Windham,37,100,97.2972973,,,,42.8535104,-72.5635384
11,Vermont,2018-19,Connecticut River Academy,Orange,27,100,96.2962963,,,,43.98568,-72.121826
12,Vermont,2018-19,Dover Elementary,Windham,90,100,98.88888889,,,,42.938863,-72.80991
13,Vermont,2018-19,East Valley Academy,Orange,20,100,100,,,,43.9320097,-72.5521479
14,Vermont,2018-19,Elmore,Lamoille,13,100,92.30769231,,,,44.5406085,-72.5231674
15,Vermont,2018-19,Fairfield Center,Franklin,223,100,97.75784753,,,,44.800548,44.800548
16,Vermont,2018-19,Fay Honey Knopp,Rutland,9,100,100,,,,43.5954079,-72.9770574
17,Vermont,2018-19,Fletcher Elementary,Lamoille,97,100,96.90721649,,,,44.67049,-72.923782
18,Vermont,2018-19,HARP,Windsor,15,100,93.33333333,,,,43.696484,-72.3241647
19,Vermont,2018-19,Holland Elementary,Orleans,30,100,96.66666667,,,,44.9730783,-72.0133074
20,Vermont,2018-19,Inspire For Autism Inc,Windham,14,100,100,,,,42.842979,-72.5752897
21,Vermont,2018-19,Isle La Motte Elementary,Grand Isle,29,100,100,,,,44.8823346,-73.346067
22,Vermont,2018-19,Jean Garvin,Chittenden,24,100,100,,,,44.4502695,-73.1191922
23,Vermont,2018-19,Kurn Hattin Homes,Windham,84,100,97.61904762,,,,43.0659094,-72.4754641
24,Vermont,2018-19,Learn,Caledonia,17,100,100,,,,44.55051,-72.0481907
25,Vermont,2018-19,Leicester Central,Addison,57,100,98.24561404,,,,43.86683,43.86683
26,Vermont,2018-19,Mansfield Cooperative,Chittenden,11,100,81.81818182,,,,44.403639,-72.9951732
27,Vermont,2018-19,Mosaic Learning Center,Chittenden,14,100,92.85714286,,,,44.496451,-73.15903
28,Vermont,2018-19,Mount Mansfield Winter Academy,Lamoille,45,100,86.66666667,,,,44.491055,-72.735725
29,Vermont,2018-19,Mount Snow Academy Alpine Training Ctr,Windham,37,100,100,,,,42.9496614,-72.8722608
30,Vermont,2018-19,Newbury Elementary,Orange,127,100,99.21259843,,,,44.0794494,-72.0603798
31,Vermont,2018-19,North American Hockey Academy,Lamoille,38,100,100,,,,44.4902306,-72.7330011
32,Vermont,2018-19,Okemo Mountain,Windsor,51,100,100,,,,43.397602,-72.689786
33,Vermont,2018-19,RAP,Windsor,29,100,100,,,,43.696484,-72.3241647
34,Vermont,2018-19,Readsboro Elementary,Bennington,38,100,94.73684211,,,,42.771786,-72.940575
35,Vermont,2018-19,Rock Point,Chittenden,23,100,91.30434783,,,,44.495421,-73.237592
36,Vermont,2018-19,Sharon Elementary,Windsor,131,100,99.23664122,,,,43.7850375,-72.4560844
37,Vermont,2018-19,Sheldon Academy,Rutland,23,100,100,,,,43.6075696,-72.9836022
38,Vermont,2018-19,Stamford Elementary,Bennington,76,100,96.05263158,,,,42.7549141,-73.0672467
39,Vermont,2018-19,Stone Path Academy,Washington,10,100,100,,,,44.292618,-72.688698
40,Vermont,2018-19,Sudbury Country,Rutland,30,100,96.66666667,,,,43.822285,43.822285
41,Vermont,2018-19,Sunderland Elementary,Bennington,81,100,98.7654321,,,,43.084578,43.084578
42,Vermont,2018-19,Thaddeus Stevens,Caledonia,52,100,94.23076923,,,,44.5369009,-72.0136899
43,Vermont,2018-19,The Arlington,Caledonia,33,100,96.96969697,,,,44.464501,-73.1596923
44,Vermont,2018-19,The Mountain School Of Milton Academy,Orange,44,100,100,,,,43.9543339,-72.3360718
45,Vermont,2018-19,The Prosper Valley,Windsor,70,100,92.85714286,,,,43.653466,-72.528949
46,Vermont,2018-19,True North Wilderness Program,Washington,13,100,100,,,,44.1826828,-72.8401102
47,Vermont,2018-19,Vermont Day,Chittenden,51,100,100,,,,44.3608977,-73.235502
48,Vermont,2018-19,Waits River Valley Union,Orange,217,100,99.07834101,,,,44.0797483,-72.261316
49,Vermont,2018-19,Waterford Elementary,Caledonia,141,100,99.29078014,,,,44.4025729,-71.927544
50,Vermont,2018-19,Wells Village,Rutland,76,100,96.05263158,,,,43.417966,43.417966
51,Vermont,2018-19,Williamstown Elementary,Orange,192,100,100,,,,44.123554,-72.545708
52,Vermont,2018-19,Wolcott Mennonite,Lamoille,28,100,92.85714286,,,,44.5697442,-72.5051953
53,Vermont,2018-19,Woodford Hollow,Bennington,18,100,100,,,,42.894092,42.894092
54,Vermont,2018-19,Woodside Juvenile Rehab Center,Chittenden,7,100,100,,,,44.5022201,-73.1447091
55,Vermont,2018-19,Mt. Mansfield Union,Chittenden,790,99.87341772,99.36708861,,,,44.486184,-72.962048
56,Vermont,2018-19,Rivendell Academy,New Hampshire,224,99.55357143,99.55357143,,,,43.899294,-72.1376509
57,Vermont,2018-19,Shaftsbury Elementary,Bennington,218,99.5412844,99.08256881,,,,42.944799,42.944799
58,Vermont,2018-19,Bellows Free Academy St. Albans,Franklin,847,99.52774498,98.22904368,,,,44.8080266,-73.0828117
59,Vermont,2018-19,White River,Windsor,178,99.43820225,99.43820225,,,,43.65341,43.65341
60,Vermont,2018-19,Saint Francis Xavier,Chittenden,159,99.37106918,96.85534591,,,,44.496484,-73.188518
61,Vermont,2018-19,Richford Elementary,Franklin,152,99.34210526,96.71052632,,,,44.9859909,-72.6802834
62,Vermont,2018-19,South Royalton Elementary,Windsor,146,99.31506849,99.31506849,,,,43.819316,-72.517403
63,Vermont,2018-19,Hartland Elementary,Windsor,282,99.29078014,98.22695035,,,,43.5379884,-72.3942648
64,Vermont,2018-19,Highgate Elementary,Franklin,281,99.28825623,98.22064057,,,,44.94117,-73.044022
65,Vermont,2018-19,Orwell Village,Addison,133,99.2481203,98.4962406,,,,43.80459,43.80459
66,Vermont,2018-19,Windsor Schools,Windsor,532,99.2481203,99.06015038,,,,43.4803126,-72.3944038
67,Vermont,2018-19,Proctor Elementary,Rutland,132,99.24242424,98.48484848,,,,43.6618191,-73.038619
68,Vermont,2018-19,Milton Elementary,Chittenden,652,99.23312883,98.6196319,,,,44.6324836,-73.1098197
69,Vermont,2018-19,Black River Union,Windsor,127,99.21259843,98.42519685,,,,43.4796344,-72.3863743
70,Vermont,2018-19,Molly Stark,Bennington,376,99.20212766,98.40425532,,,,42.898346,42.898346
71,Vermont,2018-19,Ferrisburgh Central,Addison,125,99.2,97.6,,,,44.206839,44.206839
72,Vermont,2018-19,Chamberlin,Chittenden,249,99.19678715,96.78714859,,,,44.471464,44.471464
73,Vermont,2018-19,Blue Mountain Union,Orange,371,99.19137466,97.30458221,,,,44.1553744,-72.0833144
74,Vermont,2018-19,Bakersfield,Franklin,123,99.18699187,96.74796748,,,,44.78436,44.78436
75,Vermont,2018-19,Franklin Elementary,Franklin,114,99.12280702,99.12280702,,,,44.9842389,-72.9201647
76,Vermont,2018-19,Brewster Pierce Elementary,Chittenden,107,99.06542056,98.13084112,,,,44.2958862,-72.9635912
77,Vermont,2018-19,Millers Run Union,Caledonia,105,99.04761905,97.14285714,,,,44.6026961,-72.1192335
78,Vermont,2018-19,Fair Haven Grade,Rutland,314,99.04458599,96.17834395,,,,43.594891,43.594891
79,Vermont,2018-19,Newport City Elementary,Orleans,309,99.02912621,98.70550162,,,,44.9449812,-72.1921709
80,Vermont,2018-19,Mater Christi,Chittenden,202,99.00990099,97.52475248,,,,44.4822743,-73.1983709
81,Vermont,2018-19,Vermont Academy,Windham,199,98.99497487,97.48743719,,,,43.141708,-72.508514
82,Vermont,2018-19,Lyndon Institute,Caledonia,495,98.98989899,95.55555556,,,,44.5384146,-72.0153659
83,Vermont,2018-19,Marion W. Cross,Windsor,283,98.93992933,97.52650177,,,,43.713337,43.713337
84,Vermont,2018-19,Sutton Village,Caledonia,93,98.92473118,97.84946237,,,,44.63361,44.63361
85,Vermont,2018-19,Peoples Academy,Lamoille,265,98.86792453,96.98113208,,,,44.562781,44.562781
86,Vermont,2018-19,Killington Mountain,Rutland,86,98.8372093,98.8372093,,,,43.636784,-72.790634
87,Vermont,2018-19,Barre Town Elementary,Washington,682,98.82697947,97.50733138,,,,44.1680721,-72.4853616
88,Vermont,2018-19,Union Memorial,Chittenden,251,98.80478088,97.21115538,,,,44.549168,44.549168
89,Vermont,2018-19,Bennington Elementary,Bennington,249,98.79518072,98.3935743,,,,42.880806,42.880806
90,Vermont,2018-19,Good Shepherd Catholic,Caledonia,83,98.79518072,93.97590361,,,,44.4205162,-72.0176699
91,Vermont,2018-19,Shoreham Elementary,Addison,81,98.7654321,97.5308642,,,,43.891708,-73.316238
92,Vermont,2018-19,Orange Center,Washington,77,98.7012987,96.1038961,,,,44.1490229,-72.4035558
93,Vermont,2018-19,Newport Town,Orleans,75,98.66666667,98.66666667,,,,44.95163,44.95163
94,Vermont,2018-19,Coventry Village,Orleans,135,98.51851852,97.03703704,,,,44.862564,44.862564
95,Vermont,2018-19,Bellows Free Academy Fairfax,Franklin,870,98.50574713,95.74712644,,,,44.663446,-73.013514
96,Vermont,2018-19,Northeast Primary,Rutland,200,98.5,98.5,,,,43.617752,-72.96212
97,Vermont,2018-19,Poultney Elementary,Rutland,196,98.46938776,96.93877551,,,,43.524437,-73.237676
98,Vermont,2018-19,Swanton,Franklin,520,98.46153846,95.76923077,,,,44.9153692,-73.1130187
99,Vermont,2018-19,Rutland Town Elementary,Rutland,319,98.43260188,97.17868339,,,,43.6386836,-72.9634995
100,Vermont,2018-19,Sheldon Elementary,Franklin,253,98.41897233,96.83794466,,,,44.900993,-72.969269
101,Vermont,2018-19,West Rutland,Rutland,316,98.41772152,97.15189873,,,,43.595506,43.595506
102,Vermont,2018-19,Bethel Elementary,Windsor,126,98.41269841,96.82539683,,,,43.833232,-72.6435001
103,Vermont,2018-19,Stratton Mountain,Windham,125,98.4,97.6,,,,43.1059962,-72.8879356
104,Vermont,2018-19,Barre City Elementary/Middle,Washington,789,98.35234474,96.9581749,,,,44.184474,44.184474
105,Vermont,2018-19,Northwest Primary,Rutland,181,98.34254144,96.68508287,,,,43.6127619,-72.991417
106,Vermont,2018-19,Malletts Bay,Chittenden,482,98.34024896,97.30290456,,,,44.538696,44.538696
107,Vermont,2018-19,Berlin Elementary,Washington,180,98.33333333,96.66666667,,,,44.2145063,-72.5717356
108,Vermont,2018-19,Thomas Fleming,Chittenden,238,98.31932773,96.63865546,,,,44.494817,44.494817
109,Vermont,2018-19,Athens/Grafton Joint Contract,Windham,59,98.30508475,96.61016949,,,,43.1330826,-72.5679089
110,Vermont,2018-19,Waitsfield Elementary,Washington,118,98.30508475,98.30508475,,,,44.1944527,-72.8193328
111,Vermont,2018-19,St. Johnsbury Schools,Caledonia,586,98.29351536,97.95221843,,,,44.4165758,-72.0271212
112,Vermont,2018-19,Georgia Elementary/Middle,Franklin,580,98.27586207,96.72413793,,,,44.735401,44.735401
113,Vermont,2018-19,Union Street,Windsor,231,98.26839827,95.67099567,,,,43.2955001,-72.4880611
114,Vermont,2018-19,Crossett Brook Middle Union,Washington,287,98.25783972,96.8641115,,,,44.2274915,-72.7928288
115,Vermont,2018-19,Christ The King School (Burlington),Chittenden,172,98.25581395,97.09302326,,,,44.463747,-73.209344
116,Vermont,2018-19,Barnet Elementary,Caledonia,170,98.23529412,96.47058824,,,,44.307334,-72.080737
117,Vermont,2018-19,Benson Village,Rutland,56,98.21428571,98.21428571,,,,43.7099497,-73.3001233
118,Vermont,2018-19,St. Albans City,Franklin,714,98.17927171,95.79831933,,,,44.8203212,-73.0918317
119,Vermont,2018-19,Sacred Heart Saint Francis De Sales,Bennington,164,98.17073171,98.17073171,,,,42.882247,-73.194472
120,Vermont,2018-19,Richmond Elementary,Chittenden,217,98.15668203,96.31336406,,,,44.4126297,-72.9939169
121,Vermont,2018-19,Lakeview Union,Orleans,54,98.14814815,96.2962963,,,,44.5807538,-72.2939152
122,Vermont,2018-19,Central Elementary,Windham,158,98.10126582,98.10126582,,,,43.132305,-72.450478
123,Vermont,2018-19,Brownington Central,Orleans,105,98.0952381,94.28571429,,,,44.819962,44.819962
124,Vermont,2018-19,Albert D. Lawton,Chittenden,366,98.08743169,96.72131148,,,,44.486996,44.486996
125,Vermont,2018-19,Greenwood,Windham,51,98.03921569,92.15686275,,,,42.976189,-72.552689
126,Vermont,2018-19,North Hero,Grand Isle,51,98.03921569,98.03921569,,,,44.8508342,-73.2634981
127,Vermont,2018-19,Samuel Morey Elementary,Orange,153,98.03921569,95.4248366,,,,43.9079275,-72.1461984
128,Vermont,2018-19,Saint Johnsbury Academy,Caledonia,977,97.95291709,94.88229273,,,,44.416193,-72.019289
129,Vermont,2018-19,Clarendon Elementary,Rutland,145,97.93103448,97.24137931,,,,43.5634,-72.96786
130,Vermont,2018-19,Barstow Memorial,Rutland,192,97.91666667,94.79166667,,,,43.7010447,-72.9524235
131,Vermont,2018-19,Newton,Orange,96,97.91666667,91.66666667,,,,43.8350684,-72.3653719
132,Vermont,2018-19,Cavendish Town Elementary,Windsor,94,97.87234043,95.74468085,,,,43.3837539,-72.6371511
133,Vermont,2018-19,Williston Central,Chittenden,655,97.86259542,97.09923664,,,,44.4403148,-73.0735467
134,Vermont,2018-19,Green Street,Windham,232,97.84482759,96.12068966,,,,42.851762,42.851762
135,Vermont,2018-19,Allen Brook,Chittenden,322,97.82608696,97.20496894,,,,44.447771,-73.096256
136,Vermont,2018-19,Ottauquechee,Windsor,183,97.81420765,96.72131148,,,,43.649324,43.649324
137,Vermont,2018-19,Braintree,Orange,90,97.77777778,95.55555556,,,,43.955703,43.955703
138,Vermont,2018-19,Ripton Elementary,Addison,45,97.77777778,95.55555556,,,,43.9852144,-73.0382352
139,Vermont,2018-19,Robinson,Addison,135,97.77777778,95.55555556,,,,44.223464,44.223464
140,Vermont,2018-19,Charleston Elementary,Orleans,87,97.70114943,94.25287356,,,,44.843109,-72.019768
141,Vermont,2018-19,Hilltop Montessori,Windham,87,97.70114943,97.70114943,,,,42.836741,-72.587789
142,Vermont,2018-19,Pownal Elementary,Bennington,216,97.68518519,93.98148148,,,,42.800196,42.800196
143,Vermont,2018-19,Baird,Chittenden,43,97.6744186,97.6744186,,,,44.447101,-73.2141819
144,Vermont,2018-19,Lowell Graded,Orleans,86,97.6744186,91.86046512,,,,44.8053359,-72.448708
145,Vermont,2018-19,Twin Valley Elementary,Windham,172,97.6744186,95.93023256,,,,42.888988,-72.862106
146,Vermont,2018-19,Lyndon Town,Caledonia,468,97.64957265,96.15384615,,,,44.5464,44.5464
147,Vermont,2018-19,Rick Marcotte Central,Chittenden,338,97.63313609,96.44970414,,,,44.467154,44.467154
148,Vermont,2018-19,St. Albans Town Education Center,Franklin,711,97.60900141,94.79606188,,,,44.8016334,-73.0860045
149,Vermont,2018-19,Thetford Elementary ,Orange,208,97.59615385,97.11538462,,,,43.8195834,-72.2318683
150,Vermont,2018-19,Westshire,Orange,83,97.59036145,97.59036145,,,,43.9073951,-72.2611326
151,Vermont,2018-19,Laraway,Lamoille,41,97.56097561,85.36585366,,,,44.6363137,-72.6982423
152,Vermont,2018-19,Wardsboro Central,Windham,40,97.5,97.5,,,,43.048294,43.048294
153,Vermont,2018-19,Mettawee Community School ,Rutland,159,97.48427673,96.22641509,,,,43.3857682,-73.2243815
154,Vermont,2018-19,Fisher,Bennington,158,97.46835443,94.30379747,,,,43.066106,43.066106
155,Vermont,2018-19,Hinesburg Community,Chittenden,513,97.46588694,94.54191033,,,,44.3446552,-73.1099525
156,Vermont,2018-19,Troy,Orleans,157,97.4522293,96.17834395,,,,44.995788,44.995788
157,Vermont,2018-19,Mary Hogan,Addison,431,97.44779582,96.05568445,,,,44.0105946,-73.1616526
158,Vermont,2018-19,Mill River Union,Rutland,431,97.44779582,95.59164733,,,,43.547028,-72.97152
159,Vermont,2018-19,Bradford Elementary,Orange,234,97.43589744,97.43589744,,,,44.0026079,-72.1224734
160,Vermont,2018-19,Hiawatha,Chittenden,192,97.39583333,96.875,,,,44.489028,44.489028
161,Vermont,2018-19,Founders Memorial,Chittenden,420,97.38095238,97.38095238,,,,44.500441,44.500441
162,Vermont,2018-19,Champlain Valley Christian,Addison,38,97.36842105,97.36842105,,,,44.1615806,-73.2407857
163,Vermont,2018-19,Choice Academy,Washington,38,97.36842105,92.10526316,,,,44.1707867,-72.5099574
164,Vermont,2018-19,Neshobe,Rutland,341,97.36070381,96.77419355,,,,43.826441,43.826441
165,Vermont,2018-19,Thatcher Brook Primary Union,Washington,338,97.33727811,96.44970414,,,,44.339128,-72.753139
166,Vermont,2018-19,Vergennes Union Elementary ,Addison,225,97.33333333,95.11111111,,,,44.1671634,-73.2480837
167,Vermont,2018-19,Thetford Academy,Orange,297,97.30639731,94.61279461,,,,43.8144932,-72.2312088
168,Vermont,2018-19,Berkshire Elementary,Franklin,181,97.23756906,96.13259669,,,,44.9724974,-72.7662099
169,Vermont,2018-19,Glover Community,Orleans,108,97.22222222,96.2962963,,,,44.7064252,-72.1887971
170,Vermont,2018-19,Green Mountain Valley,Washington,108,97.22222222,96.2962963,,,,44.185585,-72.850449
171,Vermont,2018-19,Jericho Elementary,Chittenden,251,97.21115538,95.61752988,,,,44.5053714,-72.9897701
172,Vermont,2018-19,Dothan Brook,Windsor,213,97.18309859,95.77464789,,,,43.687624,43.687624
173,Vermont,2018-19,Christ The King School (Rutland),Rutland,140,97.14285714,95,,,,43.604427,-72.9711383
174,Vermont,2018-19,Porters Point,Chittenden,241,97.09543568,96.26556017,,,,44.541306,44.541306
175,Vermont,2018-19,Danville,Caledonia,344,97.09302326,94.18604651,,,,44.41086,44.41086
176,Vermont,2018-19,Enosburg Elementary,Franklin,205,97.07317073,94.63414634,,,,44.904316,-72.801033
177,Vermont,2018-19,Soar Learning Center,Franklin,68,97.05882353,92.64705882,,,,44.8117211,-73.1392089
178,Vermont,2018-19,Halifax,Windham,67,97.01492537,91.04477612,,,,42.784431,-72.768503
179,Vermont,2018-19,Randolph Elementary,Orange,298,96.97986577,96.97986577,,,,43.9338797,-72.6604606
180,Vermont,2018-19,Bellcate,Chittenden,33,96.96969697,90.90909091,,,,44.501999,-73.041701
181,Vermont,2018-19,J. J. Flynn,Chittenden,295,96.94915254,95.93220339,,,,44.517032,44.517032
182,Vermont,2018-19,Hyde Park Elementary,Lamoille,196,96.93877551,91.83673469,,,,44.6010887,-72.6319369
183,Vermont,2018-19,Westford Elementary,Chittenden,163,96.93251534,93.25153374,,,,44.602952,-73.0189539
184,Vermont,2018-19,Oak Grove,Windham,128,96.875,94.53125,,,,42.8401525,-72.5579901
185,Vermont,2018-19,Orchard,Chittenden,380,96.84210526,96.57894737,,,,44.439678,44.439678
186,Vermont,2018-19,Northfield Elementary,Washington,253,96.83794466,96.44268775,,,,44.15455,-72.662072
187,Vermont,2018-19,Derby Elementary,Orleans,379,96.83377309,94.98680739,,,,45.001503,-72.118345
188,Vermont,2018-19,Eden Central,Lamoille,126,96.82539683,95.23809524,,,,44.70412,44.70412
189,Vermont,2018-19,Roxbury Village,Washington,31,96.77419355,96.77419355,,,,44.092228,44.092228
190,Vermont,2018-19,J. F. Kennedy Elementary,Chittenden,367,96.73024523,91.00817439,,,,44.500416,-73.180687
191,Vermont,2018-19,Hardwick Elementary,Caledonia,204,96.56862745,96.07843137,,,,44.5033274,-72.3681449
192,Vermont,2018-19,Newark,Caledonia,58,96.55172414,96.55172414,,,,44.690257,44.690257
193,Vermont,2018-19,Bridport Central,Addison,57,96.49122807,96.49122807,,,,43.981087,43.981087
194,Vermont,2018-19,Chelsea Public,Orange,114,96.49122807,95.61403509,,,,43.987282,-72.446617
195,Vermont,2018-19,Weathersfield,Windsor,227,96.47577093,93.83259912,,,,43.411345,43.411345
196,Vermont,2018-19,Orleans Elementary,Orleans,113,96.46017699,92.03539823,,,,44.810055,-72.196754
197,Vermont,2018-19,Turning Points,Orleans,28,96.42857143,85.71428571,,,,44.915466,-72.013222
198,Vermont,2018-19,Champlain,Chittenden,306,96.40522876,93.79084967,,,,44.456879,44.456879
199,Vermont,2018-19,Academy,Windham,358,96.36871508,93.29608939,,,,42.851176,-72.597994
200,Vermont,2018-19,Moretown Elementary,Washington,110,96.36363636,93.63636364,,,,44.247814,-72.7630619
201,Vermont,2018-19,Integrated Arts Academy,Chittenden,271,96.3099631,93.35793358,,,,44.4881833,-73.213765
202,Vermont,2018-19,Albany Community,Orleans,81,96.2962963,90.12345679,,,,44.738173,44.738173
203,Vermont,2018-19,Castleton Hubbardton Union,Rutland,214,96.26168224,92.99065421,,,,43.619806,-73.211874
204,Vermont,2018-19,Edmunds Elementary,Chittenden,293,96.24573379,94.19795222,,,,44.475518,-73.20729
205,Vermont,2018-19,Tunbridge Central,Orange,106,96.22641509,94.33962264,,,,43.917021,43.917021
206,Vermont,2018-19,Westminster,Windham,182,96.15384615,95.6043956,,,,43.06929,-72.540604
207,Vermont,2018-19,Johnson Elementary,Lamoille,225,96,92.44444444,,,,44.637031,-72.674763
208,Vermont,2018-19,Lothrop,Rutland,175,96,94.28571429,,,,43.70553,43.70553
209,Vermont,2018-19,Sustainability Academy,Chittenden,172,95.93023256,94.76744186,,,,44.484143,-73.2167958
210,Vermont,2018-19,Mount St Joseph Academy,Rutland,98,95.91836735,94.89795918,,,,43.6031059,-72.9844271
211,Vermont,2018-19,The Schoolhouse,Chittenden,49,95.91836735,83.67346939,,,,44.4146706,-73.1789224
212,Vermont,2018-19,Irasburg Village,Orleans,122,95.90163934,93.44262295,,,,44.803603,44.803603
213,Vermont,2018-19,Currier Memorial Union,Rutland,73,95.89041096,87.67123288,,,,43.3497894,-72.9951757
214,Vermont,2018-19,Essex Elementary,Chittenden,340,95.88235294,95.29411765,,,,44.5129823,-73.0556599
215,Vermont,2018-19,Lunenburg/Gilman,Essex,121,95.8677686,95.8677686,,,,44.4140929,-71.7195313
216,Vermont,2018-19,Shelburne Community,Chittenden,699,95.85121602,93.70529328,,,,44.380593,44.380593
217,Vermont,2018-19,Alburgh Community Education Center,Grand Isle,191,95.81151832,90.05235602,,,,44.9789946,-73.2980114
218,Vermont,2018-19,Grand Isle,Grand Isle,141,95.74468085,92.19858156,,,,44.725599,-73.2915204
219,Vermont,2018-19,Woodstock Elementary,Windsor,186,95.69892473,92.47311828,,,,43.622024,-72.519711
220,Vermont,2018-19,Monument Elementary,Bennington,139,95.68345324,95.68345324,,,,42.8850209,-73.2106215
221,Vermont,2018-19,Summit Street,Chittenden,205,95.6097561,93.17073171,,,,44.493302,44.493302
222,Vermont,2018-19,Underhill ID Elementary,Chittenden,90,95.55555556,94.44444444,,,,44.51796,-72.945641
223,Vermont,2018-19,Townshend Village,Windham,67,95.52238806,92.53731343,,,,43.046682,43.046682
224,Vermont,2018-19,Jay/Westfield Joint,Orleans,66,95.45454545,93.93939394,,,,44.952663,-72.435028
225,Vermont,2018-19,Folsom Education and Community Center,Grand Isle,130,95.38461538,93.07692308,,,,44.636311,-73.3022079
226,Vermont,2018-19,Flood Brook,Windham,277,95.30685921,91.33574007,,,,43.2367859,-72.8480324
227,Vermont,2018-19,The Sharon Academy,Windsor,146,95.20547945,93.83561644,,,,43.785586,-72.453761
228,Vermont,2018-19,The Village School Of North Bennington,Bennington,124,95.16129032,94.35483871,,,,42.929998,-73.244546
229,Vermont,2018-19,Centerpoint,Chittenden,41,95.12195122,92.68292683,,,,44.4640743,-73.1546843
230,Vermont,2018-19,Bridge,Addison,20,95,95,,,,44.0366639,-73.163319
231,Vermont,2018-19,Manchester Village,Bennington,20,95,95,,,,43.167187,-73.067947
232,Vermont,2018-19,Smilie Memorial,Chittenden,79,94.93670886,92.40506329,,,,44.373783,-72.876854
233,Vermont,2018-19,Vernon Elementary,Windham,157,94.9044586,94.9044586,,,,42.7620271,-72.5134223
234,Vermont,2018-19,Bingham Memorial,Addison,78,94.87179487,93.58974359,,,,43.964007,43.964007
235,Vermont,2018-19,Underhill Central Elementary,Chittenden,97,94.84536082,92.78350515,,,,44.510392,-72.893606
236,Vermont,2018-19,The Dorset,Bennington,153,94.77124183,89.54248366,,,,43.2219794,-73.0657074
237,Vermont,2018-19,Cornerstone,Caledonia,19,94.73684211,94.73684211,,,,44.4205558,-72.0051132
238,Vermont,2018-19,Burr & Burton Academy,Bennington,764,94.63350785,88.61256545,,,,43.163803,-73.077354
239,Vermont,2018-19,Manchester Elementary/Middle,Bennington,352,94.60227273,88.35227273,,,,43.179056,43.179056
240,Vermont,2018-19,United Christian Academy,Orleans,74,94.59459459,78.37837838,,,,44.9356443,-72.21275
241,Vermont,2018-19,Barton Graded,Orleans,165,94.54545455,92.12121212,,,,44.748804,44.748804
242,Vermont,2018-19,Peacham Elementary,Caledonia,55,94.54545455,94.54545455,,,,44.326018,-72.16652
243,Vermont,2018-19,Weybridge Elementary,Addison,55,94.54545455,92.72727273,,,,44.0417684,-73.2122861
244,Vermont,2018-19,Cambridge Elementary,Lamoille,274,94.52554745,92.33576642,,,,44.6444743,-72.8267715
245,Vermont,2018-19,Long Trail,Bennington,179,94.41340782,88.26815642,,,,43.270252,-73.098236
246,Vermont,2018-19,Ludlow Elementary,Windsor,89,94.38202247,94.38202247,,,,43.3979669,-72.688735
247,Vermont,2018-19,Websterville Christian Academy,Washington,71,94.36619718,94.36619718,,,,44.15315,-72.474158
248,Vermont,2018-19,Salisbury Community,Addison,88,94.31818182,94.31818182,,,,43.919843,43.919843
249,Vermont,2018-19,Meadows Educational Center,Windham,35,94.28571429,94.28571429,,,,43.152691,-72.720238
250,Vermont,2018-19,East Montpelier Elementary,Washington,185,94.05405405,92.97297297,,,,44.2866171,-72.4953304
251,Vermont,2018-19,Dummerston,Windham,150,94,89.33333333,,,,42.9336033,-72.5379992
252,Vermont,2018-19,The Mountain School At Winhall,Bennington,82,93.90243902,74.3902439,,,,43.145697,-72.8895224
253,Vermont,2018-19,Bristol Elementary,Addison,256,93.75,90.234375,,,,44.1379395,-73.0770421
254,Vermont,2018-19,Vermont Commons,Chittenden,112,93.75,89.28571429,,,,44.431052,-73.2070072
255,Vermont,2018-19,C. P. Smith,Chittenden,282,93.61702128,89.36170213,,,,44.513217,44.513217
256,Vermont,2018-19,Waterville Elementary,Lamoille,78,93.58974359,88.46153846,,,,44.726855,-72.74841
257,Vermont,2018-19,Saxtons River Elementary,Windham,93,93.5483871,93.5483871,,,,43.140396,-72.509491
258,Vermont,2018-19,Maple Street,Bennington,108,93.51851852,82.40740741,,,,43.1690823,-73.0558927
259,Vermont,2018-19,Rochester,Windsor,77,93.50649351,88.31168831,,,,43.8717466,-72.8091872
260,Vermont,2018-19,Newbrook Elementary,Windham,121,93.38842975,85.95041322,,,,42.95993,42.95993
261,Vermont,2018-19,Barnard Academy,Windsor,60,93.33333333,85,,,,43.726353,43.726353
262,Vermont,2018-19,Guilford Central,Windham,103,93.2038835,88.34951456,,,,42.800716,42.800716
263,Vermont,2018-19,Trinity Baptist,Chittenden,73,93.15068493,91.78082192,,,,44.4668777,-73.1095129
264,Vermont,2018-19,Fayston Elementary,Washington,83,92.77108434,92.77108434,,,,44.1791977,-72.8842112
265,Vermont,2018-19,Morristown Elementary,Lamoille,271,92.6199262,88.56088561,,,,44.5636467,-72.5855112
266,Vermont,2018-19,Charlotte Central,Chittenden,350,92.57142857,74,,,,44.315141,44.315141
267,Vermont,2018-19,Stockbridge Central,Windsor,40,92.5,92.5,,,,43.764117,43.764117
268,Vermont,2018-19,Union Elementary,Washington,400,92.5,87.25,,,,44.123299,-72.548004
269,Vermont,2018-19,Wallingford Village,Rutland,133,92.48120301,91.72932331,,,,43.47054,43.47054
270,Vermont,2018-19,Walden,Caledonia,66,92.42424242,92.42424242,,,,44.452927,44.452927
271,Vermont,2018-19,Bishop John A Marshall,Lamoille,118,92.37288136,88.98305085,,,,44.5593229,-72.6117158
272,Vermont,2018-19,Maplehill,Washington,26,92.30769231,92.30769231,,,,44.2631576,-72.4020813
273,Vermont,2018-19,The Putney,Windham,234,92.30769231,82.90598291,,,,42.9883891,-72.552462
274,Vermont,2018-19,Killington Elementary,Rutland,87,91.95402299,91.95402299,,,,43.644566,-72.794029
275,Vermont,2018-19,Albert Bridge,Windsor,62,91.93548387,90.32258065,,,,43.4694223,-72.4714816
276,Vermont,2018-19,Wolcott Elementary,Lamoille,124,91.93548387,87.90322581,,,,44.538219,-72.453148
277,Vermont,2018-19,Reading Elementary,Windsor,37,91.89189189,89.18918919,,,,43.453125,-72.536659
278,Vermont,2018-19,Stowe Elementary,Lamoille,342,91.8128655,91.22807018,,,,44.4630988,-72.684254
279,Vermont,2018-19,Monkton Central,Addison,145,91.72413793,89.65517241,,,,44.244252,44.244252
280,Vermont,2018-19,East Burke,Caledonia,12,91.66666667,91.66666667,,,,44.5886837,-71.9419311
281,Vermont,2018-19,Kindle Farm,Windham,48,91.66666667,79.16666667,,,,42.9935942,-72.6497323
282,Vermont,2018-19,Vermont School for Girls,Bennington,24,91.66666667,91.66666667,,,,42.8900245,-73.2209997
283,Vermont,2018-19,Hiland Hall,Bennington,35,91.42857143,77.14285714,,,,42.9320483,-73.2104811
284,Vermont,2018-19,St. Monica â€“ St. Michael,Washington,70,91.42857143,91.42857143,,,,44.201495,-72.5039518
285,Vermont,2018-19,Woodbury Elementary,Washington,46,91.30434783,86.95652174,,,,44.440035,-72.416224
286,Vermont,2018-19,Washington Village,Orange,91,91.20879121,89.01098901,,,,44.107958,44.107958
287,Vermont,2018-19,Rutland Area Christian,Rutland,34,91.17647059,85.29411765,,,,43.6168463,-72.9770279
288,Vermont,2018-19,Saint Pauls Catholic,Orleans,45,91.11111111,91.11111111,,,,44.7476915,-72.1746435
289,Vermont,2018-19,The Riverside,Caledonia,90,91.11111111,84.44444444,,,,44.513281,-71.994387
290,Vermont,2018-19,Chester Andover Union,Windsor,233,90.98712446,89.27038627,,,,43.2647655,-72.5954351
291,Vermont,2018-19,Elm Hill,Windsor,244,90.98360656,90.16393443,,,,43.306264,43.306264
292,Vermont,2018-19,Calais Elementary,Washington,99,90.90909091,85.85858586,,,,44.3193248,-72.4511883
293,Vermont,2018-19,East Meadow,Lamoille,11,90.90909091,90.90909091,,,,44.5711899,-72.58602
294,Vermont,2018-19,Cabot,Washington,151,90.72847682,83.44370861,,,,44.403326,44.403326
295,Vermont,2018-19,Middletown Springs Elementary,Rutland,52,90.38461538,82.69230769,,,,43.4839709,-73.1203879
296,Vermont,2018-19,Mid Vermont Christian,Windsor,83,90.36144578,89.15662651,,,,43.6438834,-72.4277197
297,Vermont,2018-19,Twinfield Union,Washington,304,90.13157895,84.21052632,,,,44.2979795,-72.3950348
298,Vermont,2018-19,Tinmouth Elementary,Rutland,49,89.79591837,83.67346939,,,,43.4494929,-73.0510709
299,Vermont,2018-19,Brookfield Elementary,Orange,67,89.55223881,86.56716418,,,,44.016395,-72.606683
300,Vermont,2018-19,Rumney Memorial,Washington,150,88.66666667,86,,,,44.3512198,-72.6024292
301,Vermont,2018-19,Craftsbury,Orleans,179,88.26815642,79.88826816,,,,44.6608992,-72.3798549
302,Vermont,2018-19,Warren Elementary,Washington,127,88.18897638,76.37795276,,,,44.1162276,-72.851123
303,Vermont,2018-19,Southshire Community,Bennington,25,88,88,,,,42.93145,-73.245781
304,Vermont,2018-19,Putney Central,Windham,165,87.87878788,86.06060606,,,,42.986183,42.986183
305,Vermont,2018-19,Lincoln Community,Addison,121,87.60330579,85.95041322,,,,44.09744,44.09744
306,Vermont,2018-19,The North Branch,Addison,24,87.5,83.33333333,,,,43.986626,-73.0362534
307,Vermont,2018-19,Beeman Elementary,Addison,77,87.01298701,85.71428571,,,,44.125328,-73.153222
308,Vermont,2018-19,Mt. Holly,Rutland,90,86.66666667,86.66666667,,,,43.44586,43.44586
309,Vermont,2018-19,Montgomery Elementary,Franklin,118,86.44067797,83.89830508,,,,44.8783802,-72.6053987
310,Vermont,2018-19,Montessori School of Central VT,Washington,29,86.20689655,79.31034483,,,,44.2217796,-72.4989067
311,Vermont,2018-19,Cornerstone Christian,Caledonia,7,85.71428571,71.42857143,,,,44.5443724,-72.0426648
312,Vermont,2018-19,International Childrens,Chittenden,7,85.71428571,85.71428571,,,,44.4690046,-73.1727955
313,Vermont,2018-19,Open Fields,Orange,21,85.71428571,61.9047619,,,,43.818402,-72.2289062
314,Vermont,2018-19,The New School Of Montpelier,Washington,28,85.71428571,78.57142857,,,,44.2566466,-72.5679492
315,Vermont,2018-19,Doty Memorial,Washington,69,85.50724638,81.15942029,,,,44.373349,-72.547949
316,Vermont,2018-19,Shrewsbury Mountain,Rutland,61,85.24590164,85.24590164,,,,43.525621,43.525621
317,Vermont,2018-19,New England School for Girls,Bennington,27,85.18518519,85.18518519,,,,42.8900245,-73.2209997
318,Vermont,2018-19,Red Cedar,Addison,39,84.61538462,82.05128205,,,,44.157711,-73.104042
319,Vermont,2018-19,Red Fox Community,Bennington,19,84.21052632,73.68421053,,,,43.200256,-73.028687
320,Vermont,2018-19,The Grammar,Windham,76,84.21052632,82.89473684,,,,43.0011066,-72.5394657
321,Vermont,2018-19,Grace Christian,Bennington,107,84.11214953,74.76635514,,,,42.8954123,-73.1982934
322,Vermont,2018-19,Marlboro Elementary,Windham,82,82.92682927,79.26829268,,,,42.868698,-72.719688
323,Vermont,2018-19,Neighborhood Schoolhouse,Windham,33,81.81818182,75.75757576,,,,42.8532866,-72.5756556
324,Vermont,2018-19,The Compass,Windham,71,81.69014085,71.83098592,,,,43.1219415,-72.4361351
325,Vermont,2018-19,Upper Valley Waldorf,Windsor,97,78.35051546,73.19587629,,,,43.6471212,-72.4187846
326,Vermont,2018-19,Mary Johnson Childrens Center,Addison,18,77.77777778,77.77777778,,,,44.0106321,-73.1653914
327,Vermont,2018-19,Bellwether,Chittenden,26,73.07692308,57.69230769,,,,44.4472527,-73.1281178
328,Vermont,2018-19,Jamaica Village,Windham,53,71.69811321,71.69811321,,,,43.104155,43.104155
329,Vermont,2018-19,Lake Champlain Waldorf,Chittenden,197,66.49746193,57.36040609,,,,44.369635,-73.2344499
330,Vermont,2018-19,Saint Michael,Windham,97,65.97938144,56.70103093,,,,42.856445,-72.5582033
331,Vermont,2018-19,Mountain River,Lamoille,20,65,60,,,,44.473373,-72.709551
332,Vermont,2018-19,The Barn,Chittenden,11,63.63636364,63.63636364,,,,44.599471,-73.024194
333,Vermont,2018-19,Windham Elementary,Windham,16,62.5,62.5,,,,43.165774,-72.725291
334,Vermont,2018-19,Green Mountain Mennonite,Bennington,21,47.61904762,33.33333333,,,,42.924495,-73.199456
335,Vermont,2018-19,Roots And Wings Academy,Rutland,26,46.15384615,38.46153846,,,,43.635246,-73.299843
336,Vermont,2018-19,River Rock,Washington,22,45.45454545,27.27272727,,,,44.257576,-72.574716
337,Vermont,2018-19,Orchard Valley Waldorf,Washington,80,43.75,36.25,,,,44.294005,-72.456673
338,Vermont,2018-19,Foundations,Windsor,12,33.33333333,8.333333333,,,,43.4775684,-72.38719
339,Vermont,2018-19,Brownington Parochial,Orleans,19,0,0,,,,44.819904,-72.137688
340,Vermont,2018-19,Twelve Tribes Community Church School-Bellows Falls,Windham,7,0,0,,,,43.133411,-72.4439772
341,Vermont,2018-19,Twelve Tribes Community Church School-Island Pond,Essex,7,0,0,,,,44.8147712,-71.8803728
342,Vermont,2018-19,Twelve Tribes Community Church School-Rutland,Rutland,11,0,0,,,,43.6106237,-72.9726065
343,Vermont,2018-19,Brownell Mountain,Chittenden,6,,,,,,44.407173,-73.126167
344,Vermont,2018-19,Caledonia Christian,Caledonia,5,,,,,,44.4313599,-72.0123324
345,Vermont,2018-19,Forrest Ward Memorial,Bennington,5,,,,,,42.916618,-73.2049789
346,Vermont,2018-19,Green Mountain Montessori,Chittenden,3,,,,,,44.511114,-73.0581106
347,Vermont,2018-19,Pacem,Washington,5,,,,,,44.2545659,-72.567528
348,Vermont,2018-19,Sugarwood,Rutland,3,,,,,,43.666875,-72.987088
349,Vermont,2018-19,Two Roads Academy,Chittenden,6,,,,,,44.4536363,-73.1143733